eisenhower_record,pdf_part,pdf_url,bibliography_matches,bibliography_files,people_group_matches,people_group_files,online_document_matches,online_document_urls
"11th AIRBORNE DIVISION, 1944 – 1948",1,https://www.eisenhowerlibrary.gov/sites/default/files/finding-aids/pdf/us-army-unit-records-1.pdf,0,,0,,0,
"13th AIRBORNE DIVISION, 1941 – 1945",1,https://www.eisenhowerlibrary.gov/sites/default/files/finding-aids/pdf/us-army-unit-records-1.pdf,0,,0,,0,
"17th AIRBORNE DIVISION, 1944-1948",1,https://www.eisenhowerlibrary.gov/sites/default/files/finding-aids/pdf/us-army-unit-records-1.pdf,0,,1,17th airborne division.json,0,
"82nd AIRBORNE DIVISION, 1943-1946",1,https://www.eisenhowerlibrary.gov/sites/default/files/finding-aids/pdf/us-army-unit-records-1.pdf,3,msg_g_2_to_co_base_echelon_17_sep_01KT9TFHDHJWP90V6TZF63P068.json; 82d_abn_div_opns_memo_fo_6_01KPVX5Q9AV4H5YV5F44RPB3CN.json; msg_g_2_to_co_base_echelon_17_sep_01KT82QDG5BS5ZXYMGRT0Z6R3X.json,1,82nd airborne division.json,1,https://www.eisenhowerlibrary.gov/sites/default/files/research/online-documents/d-day/1944-06-06-to-08-82nd-airborne.pdf
"101st AIRBORNE DIVISION, 1942-1949",1,https://www.eisenhowerlibrary.gov/sites/default/files/finding-aids/pdf/us-army-unit-records-1.pdf,19,rpt_of_abn_phase_101st_abn_div_and_a_graphic_account_of_the_82d_airborne_divisio_01KTC74CC2R7R21SB7XTTAPC27.json; ltr_lt_gen_anthony_c_mcauliffe_formerly_cg_101st_abn_div_arty_to_ocmh_8_feb_54_01KT827XXNEVB65FFC2HQ9SYKA.json; aeaf_memo_operation_neptune_employment_of_british_and_american_airborne_forces_01KPTC8QZK2WRT1GAKDP3T39M3.json; 327th_glider_infantry_battalion_histories_01KT9TKRQQREMY8PDSJCDPM6H6.json; rendezvous_with_destiny_01KPT4JCS1C6YDQMB5KKW763K9.json,1,101st abn div.json,0,
"1st ARMORED DIVISION, 1940-1946",1,https://www.eisenhowerlibrary.gov/sites/default/files/finding-aids/pdf/us-army-unit-records-1.pdf,0,,1,1st armored division.json,0,
"2nd ARMORED DIVISION, 1941-1950",1,https://www.eisenhowerlibrary.gov/sites/default/files/finding-aids/pdf/us-army-unit-records-1.pdf,3,2d_armd_div_g_3_jnl_11_nov_44_01KT807315RBQCPJ679AWEBYDQ.json; 2d_armd_div_g_3_jnl_entry_1130_27_jul_01KPSQB46P7BPDRGQGECX5P393.json; 2nd_armored_division_g_3_journal_23_nov_44_01KTC4D8XWYV2KW9N4RPGAQCGW.json,0,,0,
"3rd ARMORED DIVISION, 1944-1949",1,https://www.eisenhowerlibrary.gov/sites/default/files/finding-aids/pdf/us-army-unit-records-1.pdf,8,3d_armd_div_aar_nov_44_01KTA7SA850G7SBNJWABCY0RE6.json; ccb_s_3_rpt_1_01KQ9M670Q9HCB7MSRXMPHGGCB.json; 3d_armored_div_g_3_per_rpt_13_01KPT2BRXZYYYNGMR09PXY48M3.json; 3d_armd_div_aar_sep_01KPT17D3PVD4KSN4Y60NFR049.json; 3d_armd_div_ccb_g_2_daily_narrative_01KPT2KTQ15MRAV5CJ3X8JR3KZ.json,0,,0,
"4th ARMORED DIVISION, 1944-1946",1,https://www.eisenhowerlibrary.gov/sites/default/files/finding-aids/pdf/us-army-unit-records-1.pdf,197,combat_interviews_with_officers_of_4th_armd_div_staff_01KRMN0J0D2RMGY18ZMBVHBAKB.json; xii_corps_spearhead_of_pattons_third_army_01KS45GYFK1SZHTS9E3EGA4AGJ.json; letter_to_the_historical_division_01KRSXNVME4QPTD1CSQN6QD1FK.json; overlay_to_accompany_fo_2_01KQ99SJT9AAFAYE7H0VPVTSDV.json; interv_with_gen_eddy_01KRSJYB6XRZBVM1SX6RSNFTR6.json,3,51st armored infantry battalion 4th armored division.json; 4th armored division cca.json; 4th armored division.json,0,
"5th ARMORED DIVISION, 1941-1948",1,https://www.eisenhowerlibrary.gov/sites/default/files/finding-aids/pdf/us-army-unit-records-1.pdf,54,5th_armd_div_aar_01KPSWQVP3HDMMR9F041CJPTHK.json; msg_17th_luftwaffen_feld_div_to_lxxxi_corps_2040_19_aug_lxxxi_corps_tagesmeldung_01KPSY863J25X9KDFEX1J6Y0JH.json; s_3_air_jnl_01KTC37G6JZ3B6XA2JMMJMXKH0.json; ccr_5th_armd_div_s_3_jnl_3_dec_44_01KT9RTQZ43AS4SQXQVEBKNVDQ.json; s_3_jnl_2_dec_44_01KTC351CDM9XZM51JE770X931.json,2,ccr reinforced 5th armored division.json; ccr 5th armored division.json,0,
"6th ARMORED DIVISION, 1942-1945",1,https://www.eisenhowerlibrary.gov/sites/default/files/finding-aids/pdf/us-army-unit-records-1.pdf,170,xii_corps_spearhead_of_pattons_third_army_01KS45GYFK1SZHTS9E3EGA4AGJ.json; unit_jnl_01KQ5XQZX8TRH3GZXR9MJA0MNM.json; viii_corps_message_1600_hours_27_july_1944_and_g_3_journal_entries_0113_0200_and_01KPSQHSSYJFGXX5V1R66QCVHH.json; message_evans_to_wood_2040_3_august_01KPSRPZQ1PTRJGNSEDAAQBMJ4.json; message_to_6th_armd_div_01KQ5QCP77CK10QC5QQAV4CZ6W.json,1,6th armored division.json,0,
"7th ARMORED DIVISION, 1942-1945",1,https://www.eisenhowerlibrary.gov/sites/default/files/finding-aids/pdf/us-army-unit-records-1.pdf,77,after_action_reports_and_unit_journals_of_the_xx_corps_7th_armored_division_5th__01KRSK04YH0XEZNT5E6HNBXR56.json; personal_papers_01KQ5WPCGEDKZ38Q87EWF4Y8YF.json; 7th_armored_division_g_2_periodic_reports_1_2_oct_44_01KTC0MMW0BNSARMPFAAA6JJNS.json; pass_in_review_the_fifth_infantry_division_in_eto_01KRSVAJ9QN6QEBP7R9TDQJBRG.json; anlagen_to_the_ktbs_of_army_group_g_ob_west_and_okw_01KRSVAT9RBR0A3KYEBV2BP4SM.json,1,7th armored division.json,0,
"8th ARMORED DIVISION, 1944-1945",1,https://www.eisenhowerlibrary.gov/sites/default/files/finding-aids/pdf/us-army-unit-records-1.pdf,0,,0,,0,
"9th ARMORED DIVISION, 1941-1945",1,https://www.eisenhowerlibrary.gov/sites/default/files/finding-aids/pdf/us-army-unit-records-1.pdf,0,,1,9th armored division.json,0,
"10th ARMORED DIVISION, 1942-1945",1,https://www.eisenhowerlibrary.gov/sites/default/files/finding-aids/pdf/us-army-unit-records-1.pdf,33,90th_division_after_action_report_for_november_01KRSXTF403ECJ9XDJM9P82NKM.json; 10th_armd_div_g_3_jnl_19_nov_44_01KRVR7KD51KYFWKSQDWXSZ52J.json; the_american_records_for_both_the_planning_and_the_operational_phases_of_the_bat_01KS85HESBAC3RAR288QPFR7DT.json; 95th_division_records_01KRSYCM5PJTXQXT54AAYVK2N8.json; 10th_armored_division_combat_command_b_s_3_journal_01KRSJJ8BTVHQNNPHHQ13WXPNF.json,2,ccb 10th armored division.json; cca 10th armored division.json,0,
"11TH ARMORED DIVISION, 1944-1945",1,https://www.eisenhowerlibrary.gov/sites/default/files/finding-aids/pdf/us-army-unit-records-1.pdf,1,answers_by_the_cg_11th_armd_div_to_questions_by_hist_sec_usfet_01KPSVFSYF7Q2T27M9SHPGDYPV.json,1,11th armored division.json,0,
"12th ARMORED DIVISION, 1942-1945",1,https://www.eisenhowerlibrary.gov/sites/default/files/finding-aids/pdf/us-army-unit-records-1.pdf,16,seventh_army_opns_instructions_no_30_01KS8EK5XYN4XKMPNKKRFDM192.json; seventh_army_opns_instructions_no_30_01KS1PETZWDVY33N28A77KD8M8.json; seventh_army_opns_instructions_no_30_01KRVSDCGFTPYGVE1R6EJN6EKZ.json; seventh_army_opns_instructions_no_30_01KRST0MV5WNQ4TNKZ29CPZXWG.json; seventh_army_opns_instructions_no_30_01KS3R24AZXVXNW7W2CT0D6T88.json,1,12th armored division.json,0,
"13th ARMORED DIVISION, 1942-1945",1,https://www.eisenhowerlibrary.gov/sites/default/files/finding-aids/pdf/us-army-unit-records-1.pdf,0,,0,,0,
"14TH ARMORED DIVISION, 1944-1945",1,https://www.eisenhowerlibrary.gov/sites/default/files/finding-aids/pdf/us-army-unit-records-1.pdf,0,,0,,0,
"16th ARMORED DIVISION, 1943-1945",1,https://www.eisenhowerlibrary.gov/sites/default/files/finding-aids/pdf/us-army-unit-records-1.pdf,0,,0,,0,
"20th ARMORED DIVISION, 1943-1946",1,https://www.eisenhowerlibrary.gov/sites/default/files/finding-aids/pdf/us-army-unit-records-1.pdf,0,,0,,0,
"1st ARMORED GROUP, 1943-1945",1,https://www.eisenhowerlibrary.gov/sites/default/files/finding-aids/pdf/us-army-unit-records-1.pdf,0,,0,,0,
"2nd ARMORED GROUP, 1944",1,https://www.eisenhowerlibrary.gov/sites/default/files/finding-aids/pdf/us-army-unit-records-1.pdf,0,,0,,0,
"3rd ARMORED GROUP, 1943-1945",1,https://www.eisenhowerlibrary.gov/sites/default/files/finding-aids/pdf/us-army-unit-records-1.pdf,0,,0,,0,
"5th ARMORED GROUP, 1944",1,https://www.eisenhowerlibrary.gov/sites/default/files/finding-aids/pdf/us-army-unit-records-1.pdf,0,,0,,0,
"7th ARMORED GROUP, 1944-1945",1,https://www.eisenhowerlibrary.gov/sites/default/files/finding-aids/pdf/us-army-unit-records-1.pdf,0,,0,,0,
"8th ARMORED GROUP, 1944",1,https://www.eisenhowerlibrary.gov/sites/default/files/finding-aids/pdf/us-army-unit-records-1.pdf,0,,0,,0,
"9th ARMORED GROUP, 1944-1945",1,https://www.eisenhowerlibrary.gov/sites/default/files/finding-aids/pdf/us-army-unit-records-1.pdf,0,,0,,0,
"12th ARMORED GROUP, 1943-1945",1,https://www.eisenhowerlibrary.gov/sites/default/files/finding-aids/pdf/us-army-unit-records-1.pdf,0,,0,,0,
"13th ARMORED GROUP, 1943-1946",1,https://www.eisenhowerlibrary.gov/sites/default/files/finding-aids/pdf/us-army-unit-records-1.pdf,0,,0,,0,
"19th ARMORED GROUP, 1945",1,https://www.eisenhowerlibrary.gov/sites/default/files/finding-aids/pdf/us-army-unit-records-1.pdf,0,,0,,0,
"20th ARMORED GROUP, 1944-1945",1,https://www.eisenhowerlibrary.gov/sites/default/files/finding-aids/pdf/us-army-unit-records-1.pdf,0,,0,,0,
"32nd ARMORED Regiment, 1945",1,https://www.eisenhowerlibrary.gov/sites/default/files/finding-aids/pdf/us-army-unit-records-1.pdf,0,,0,,0,
"36th ARMORED REGIMENT, 1945",1,https://www.eisenhowerlibrary.gov/sites/default/files/finding-aids/pdf/us-army-unit-records-1.pdf,0,,0,,0,
"415th INFANTRY REGIMENT, 1945",1,https://www.eisenhowerlibrary.gov/sites/default/files/finding-aids/pdf/us-army-unit-records-1.pdf,0,,0,,0,
"10th TANK BATTALION, 1943-1945",2,https://www.eisenhowerlibrary.gov/sites/default/files/finding-aids/pdf/us-army-unit-records-2.pdf,8,combat_interviews_with_ccr_personnel_01KT9RS7CACVX77RS5YPYNZZKB.json; combat_interv_with_maj_w_m_daniel_exec_o_10th_tank_bn_01KT9RWGKD30D5KKB07KJ8FX2J.json; combat_interv_with_maj_w_m_daniel_exec_o_10th_tank_bn_01KTA7TGM52QVFSS78R8A3G7TY.json; combat_interv_with_maj_w_m_daniel_exec_o_10th_tank_bn_01KTC37JKVKE73MMVA3CRT4SDR.json; combat_interviews_with_ccr_personnel_01KTC30R8TWTQ6875EH6AX6ECX.json,0,,0,
"44th TANK BATTALION, 1944",2,https://www.eisenhowerlibrary.gov/sites/default/files/finding-aids/pdf/us-army-unit-records-2.pdf,0,,0,,0,
"45th TANK BATTALION, 1943-1945",2,https://www.eisenhowerlibrary.gov/sites/default/files/finding-aids/pdf/us-army-unit-records-2.pdf,0,,0,,0,
"46th TANK BATTALION, 1943-1945",2,https://www.eisenhowerlibrary.gov/sites/default/files/finding-aids/pdf/us-army-unit-records-2.pdf,0,,0,,0,
"63rd HEAVY TANK BATTALION, 1948",2,https://www.eisenhowerlibrary.gov/sites/default/files/finding-aids/pdf/us-army-unit-records-2.pdf,0,,0,,0,
"63rd HEAVY TANK BATTALION, 1948",2,https://www.eisenhowerlibrary.gov/sites/default/files/finding-aids/pdf/us-army-unit-records-2.pdf,0,,0,,0,
"68th TANK BATTALION, 1942-1945",2,https://www.eisenhowerlibrary.gov/sites/default/files/finding-aids/pdf/us-army-unit-records-2.pdf,17,overseas_pictorial_history_of_headquarters_battery_231st_armored_field_artillery_01KPSSFPA3XFDH39Z73H4W89CD.json; authors_interviews_with_former_6th_armored_division_personnel_01KPVGNAFFS1J09YGSKPM4P6AR.json; ltr_zwicker_to_ocmh_14_mar_56_01KQ5XYT4RJBQBKBYJ63J3HTBN.json; the_sources_for_this_chapter_are_the_invaluable_msgs_in_the_viii_corps_g_3_jnl_a_01KQ7R0H1EY47VQM9BN18K59G2.json; the_68th_tank_battalion_in_combat_01KPSSFG88S7YCAHJEJD6DYZS3.json,0,,0,
"69th TANK BATTALION, 1945",2,https://www.eisenhowerlibrary.gov/sites/default/files/finding-aids/pdf/us-army-unit-records-2.pdf,0,,1,69th tank battalion.json,0,
"70th TANK BATTALION, 1940-1945",2,https://www.eisenhowerlibrary.gov/sites/default/files/finding-aids/pdf/us-army-unit-records-2.pdf,1,70th_tank_battalion_after_action_report_01KPT4E68XQN8V2D5PKV6ZC794.json,1,70th tank battalion.json,0,
"80th AMPHIBIAN TRACTOR BATTALION, 1946",2,https://www.eisenhowerlibrary.gov/sites/default/files/finding-aids/pdf/us-army-unit-records-2.pdf,0,,0,,0,
"101st TANK BATTALION, 1945",2,https://www.eisenhowerlibrary.gov/sites/default/files/finding-aids/pdf/us-army-unit-records-2.pdf,0,,0,,0,
"539th AMPHIBIAN TRACTOR BATTALION, 1944-1945",2,https://www.eisenhowerlibrary.gov/sites/default/files/finding-aids/pdf/us-army-unit-records-2.pdf,0,,0,,0,
"603rd MEDIUM TANK COMPANY, 1944-1947",2,https://www.eisenhowerlibrary.gov/sites/default/files/finding-aids/pdf/us-army-unit-records-2.pdf,0,,0,,0,
"558th AMPHIBIAN TRACTOR BATTALION, 1945",2,https://www.eisenhowerlibrary.gov/sites/default/files/finding-aids/pdf/us-army-unit-records-2.pdf,0,,0,,0,
"708th AMPHIBIAN TANK BATTALION, 1944",2,https://www.eisenhowerlibrary.gov/sites/default/files/finding-aids/pdf/us-army-unit-records-2.pdf,0,,0,,0,
"710th TANK BATTALION, 1944, 1946, 1950",2,https://www.eisenhowerlibrary.gov/sites/default/files/finding-aids/pdf/us-army-unit-records-2.pdf,0,,0,,0,
"712th TANK BATTALION, 1943-1945",2,https://www.eisenhowerlibrary.gov/sites/default/files/finding-aids/pdf/us-army-unit-records-2.pdf,1,task_force_weaver_consisted_of_the_90th_reconnaissance_troop_the_712th_tank_batt_01KQ6T4JSWWCHYBCCBHXJMN38A.json,0,,0,
"713th TANK BATTALION, 1943-1946",2,https://www.eisenhowerlibrary.gov/sites/default/files/finding-aids/pdf/us-army-unit-records-2.pdf,0,,0,,0,
"714th TANK BATTALION, 1944-1945",2,https://www.eisenhowerlibrary.gov/sites/default/files/finding-aids/pdf/us-army-unit-records-2.pdf,0,,0,,0,
"715th AMPHIBIAN TRACTOR BATTALION, 1945",2,https://www.eisenhowerlibrary.gov/sites/default/files/finding-aids/pdf/us-army-unit-records-2.pdf,0,,0,,0,
"717th TANK BATTALION, 1943-1945",2,https://www.eisenhowerlibrary.gov/sites/default/files/finding-aids/pdf/us-army-unit-records-2.pdf,0,,0,,0,
"718th AMPHIBIAN TRACTOR BATTALION, 1942-1946",2,https://www.eisenhowerlibrary.gov/sites/default/files/finding-aids/pdf/us-army-unit-records-2.pdf,0,,0,,0,
"726th AMPHIBIAN TRACTOR BATTALION, 1944-1946",2,https://www.eisenhowerlibrary.gov/sites/default/files/finding-aids/pdf/us-army-unit-records-2.pdf,0,,0,,0,
"727th AMPHIBIAN TRACTOR BATTALION, 1944-1946",2,https://www.eisenhowerlibrary.gov/sites/default/files/finding-aids/pdf/us-army-unit-records-2.pdf,0,,0,,0,
"728th AMPHIBIAN TRACTOR BATTALION, 1941-1945",2,https://www.eisenhowerlibrary.gov/sites/default/files/finding-aids/pdf/us-army-unit-records-2.pdf,0,,0,,0,
"735th TANK BATTALION, 1945",2,https://www.eisenhowerlibrary.gov/sites/default/files/finding-aids/pdf/us-army-unit-records-2.pdf,12,second_infantry_regiment_01KQQK9X0WZ7MDW2632DZAN9XG.json; second_infantry_regiment_01KQTYK8T58FCACHR2XQ6ZS36C.json; second_infantry_regiment_01KS7X6E2PZ1GVKJ4GG83M50AB.json; second_infantry_regiment_01KRCFZYEQCV4R9CM95ABWFZWD.json; second_infantry_regiment_01KRMMYDZ91FVJEPTQN8ANBVY1.json,0,,0,
"736th TANK BATTALION, 1945",2,https://www.eisenhowerlibrary.gov/sites/default/files/finding-aids/pdf/us-army-unit-records-2.pdf,0,,0,,0,
"737th TANK BATTALION, 1945",2,https://www.eisenhowerlibrary.gov/sites/default/files/finding-aids/pdf/us-army-unit-records-2.pdf,0,,0,,0,
"738th AMPHIBIAN TRACTOR BATTALION, 1944-1945",2,https://www.eisenhowerlibrary.gov/sites/default/files/finding-aids/pdf/us-army-unit-records-2.pdf,0,,0,,0,
"740th TANK BATTALION, 1945-1946",2,https://www.eisenhowerlibrary.gov/sites/default/files/finding-aids/pdf/us-army-unit-records-2.pdf,0,,0,,0,
"741st TANK BATTALION, 1944-1945",2,https://www.eisenhowerlibrary.gov/sites/default/files/finding-aids/pdf/us-army-unit-records-2.pdf,3,9th_inf_aar_jul_01KPSQ02HD3GMBDYGM83KYZ5CC.json; 741st_tk_bn_aar_jul_01KPSQ06DAPVNRZ1R0WVP3WPXZ.json; observations_of_the_div_comdr_during_jul_2d_div_aar_jul_01KPSQ04HTADCN7XT11B6GYBD9.json,1,741st tank battalion.json,0,
"742nd AMPHIBIAN TANK BATTALION, 1942",2,https://www.eisenhowerlibrary.gov/sites/default/files/finding-aids/pdf/us-army-unit-records-2.pdf,0,,0,,0,
"744th LIGHT TANK BATTALION, 1942-1945",2,https://www.eisenhowerlibrary.gov/sites/default/files/finding-aids/pdf/us-army-unit-records-2.pdf,0,,0,,0,
"745th TANK BATTALION, 1942-1945",2,https://www.eisenhowerlibrary.gov/sites/default/files/finding-aids/pdf/us-army-unit-records-2.pdf,0,,0,,0,
"746th TANK BATTALION, 1944-1945",2,https://www.eisenhowerlibrary.gov/sites/default/files/finding-aids/pdf/us-army-unit-records-2.pdf,6,746th_tank_battalion_report_10_july_01KPT332V6JRBJD33RJMGGKHAP.json; combat_interview_with_s_3_746th_tank_battalion_01KPT4EA03WV9VRCFZD5R4NXW3.json; report_10_july_01KQ6189N7B6BBEGHSRYHWJCQS.json; 746th_tk_bn_rpt_10_jul_01KPVTZMG03QHDXVQ051CHDRKK.json; report_10_july_01KQ9KVX0JT1V8ZRK7A384JTSW.json,1,746th tank battalion.json,0,
"747th TANK BATTALION, 1943-1945",2,https://www.eisenhowerlibrary.gov/sites/default/files/finding-aids/pdf/us-army-unit-records-2.pdf,0,,1,747th tank battalion.json,0,
"747th AMPHIBIAN TANK BATTALION, 1945-1946",2,https://www.eisenhowerlibrary.gov/sites/default/files/finding-aids/pdf/us-army-unit-records-2.pdf,0,,1,747th tank battalion.json,0,
"749th TANK BATTALION, 1944-1945",2,https://www.eisenhowerlibrary.gov/sites/default/files/finding-aids/pdf/us-army-unit-records-2.pdf,1,attached_to_the_infantry_regiment_were_the_division_reconnaissance_troop_the_310_01KQ5RW1BMBZ7N7K0A63KA53KK.json,0,,0,
"750th TANK BATTALION, 1943",2,https://www.eisenhowerlibrary.gov/sites/default/files/finding-aids/pdf/us-army-unit-records-2.pdf,0,,1,750th tank battalion.json,0,
"751st TANK BATTALION, 1941-1948",2,https://www.eisenhowerlibrary.gov/sites/default/files/finding-aids/pdf/us-army-unit-records-2.pdf,0,,0,,0,
"752nd TANK BATTALION, 1944-1947",2,https://www.eisenhowerlibrary.gov/sites/default/files/finding-aids/pdf/us-army-unit-records-2.pdf,0,,0,,0,
"753rd TANK BATTALION, 1941-1945",2,https://www.eisenhowerlibrary.gov/sites/default/files/finding-aids/pdf/us-army-unit-records-2.pdf,0,,0,,0,
"754th TANK BATTALION, 1945-1947",2,https://www.eisenhowerlibrary.gov/sites/default/files/finding-aids/pdf/us-army-unit-records-2.pdf,0,,0,,0,
"755th TANK BATTALION, 1941-1945",2,https://www.eisenhowerlibrary.gov/sites/default/files/finding-aids/pdf/us-army-unit-records-2.pdf,0,,0,,0,
"756th TANK BATTALION, 1944",2,https://www.eisenhowerlibrary.gov/sites/default/files/finding-aids/pdf/us-army-unit-records-2.pdf,0,,0,,0,
"757th TANK BATTALION, 1941-1945",2,https://www.eisenhowerlibrary.gov/sites/default/files/finding-aids/pdf/us-army-unit-records-2.pdf,0,,0,,0,
"758th LIGHT TANK BATTALION, 1941-1945",2,https://www.eisenhowerlibrary.gov/sites/default/files/finding-aids/pdf/us-army-unit-records-2.pdf,0,,0,,0,
"759th TANK BATTALION, 1941-1943",2,https://www.eisenhowerlibrary.gov/sites/default/files/finding-aids/pdf/us-army-unit-records-2.pdf,0,,0,,0,
"760th TANK BATTALION, 1945",2,https://www.eisenhowerlibrary.gov/sites/default/files/finding-aids/pdf/us-army-unit-records-2.pdf,0,,0,,0,
"761st TANK BATTALION, 1943-1946",2,https://www.eisenhowerlibrary.gov/sites/default/files/finding-aids/pdf/us-army-unit-records-2.pdf,0,,1,company a 761st tank battalion.json,0,
"762nd TANK BATTALION, 1944",2,https://www.eisenhowerlibrary.gov/sites/default/files/finding-aids/pdf/us-army-unit-records-2.pdf,0,,0,,0,
"763rd TANK BATTALION, 1945",2,https://www.eisenhowerlibrary.gov/sites/default/files/finding-aids/pdf/us-army-unit-records-2.pdf,0,,0,,0,
"764th AMPHIBIAN TANK BATTALION, 1957",2,https://www.eisenhowerlibrary.gov/sites/default/files/finding-aids/pdf/us-army-unit-records-2.pdf,0,,0,,0,
"771st TANK BATTALION, 1945",2,https://www.eisenhowerlibrary.gov/sites/default/files/finding-aids/pdf/us-army-unit-records-2.pdf,0,,0,,0,
"772nd TANK BATTALION, 1945",2,https://www.eisenhowerlibrary.gov/sites/default/files/finding-aids/pdf/us-army-unit-records-2.pdf,0,,0,,0,
"774th TANKBATTALION, 1944-1946",2,https://www.eisenhowerlibrary.gov/sites/default/files/finding-aids/pdf/us-army-unit-records-2.pdf,0,,0,,0,
"775th TANKBATTALION, 1944-1946",2,https://www.eisenhowerlibrary.gov/sites/default/files/finding-aids/pdf/us-army-unit-records-2.pdf,0,,0,,0,
"778th TANK BATTALION, 1945-1946",2,https://www.eisenhowerlibrary.gov/sites/default/files/finding-aids/pdf/us-army-unit-records-2.pdf,0,,1,778th tank battalion.json,0,
"780th AMPHIBIAN TANK BATTALION, 1944-1946",2,https://www.eisenhowerlibrary.gov/sites/default/files/finding-aids/pdf/us-army-unit-records-2.pdf,0,,0,,0,
"784th TANK BATTALION, 1943-1945",2,https://www.eisenhowerlibrary.gov/sites/default/files/finding-aids/pdf/us-army-unit-records-2.pdf,0,,0,,0,
"785th TANK BATTALION, 1945",2,https://www.eisenhowerlibrary.gov/sites/default/files/finding-aids/pdf/us-army-unit-records-2.pdf,0,,0,,0,
"786th TANK BATTALION, 1945",2,https://www.eisenhowerlibrary.gov/sites/default/files/finding-aids/pdf/us-army-unit-records-2.pdf,0,,0,,0,
"787th TANK BATTALION, 1943-1946",2,https://www.eisenhowerlibrary.gov/sites/default/files/finding-aids/pdf/us-army-unit-records-2.pdf,0,,0,,0,
"788th AMPHIBIAN TRACTOR BATTALION, 1944-1945",2,https://www.eisenhowerlibrary.gov/sites/default/files/finding-aids/pdf/us-army-unit-records-2.pdf,0,,0,,0,
"812th TANK DESTROYER BATTALION, 1943",2,https://www.eisenhowerlibrary.gov/sites/default/files/finding-aids/pdf/us-army-unit-records-2.pdf,0,,0,,0,
"826th AMPHIBIAN TRACTOR BATTALION, 1945",2,https://www.eisenhowerlibrary.gov/sites/default/files/finding-aids/pdf/us-army-unit-records-2.pdf,0,,0,,0,
"7866th HEAVY TANK BATTALION, 1948",2,https://www.eisenhowerlibrary.gov/sites/default/files/finding-aids/pdf/us-army-unit-records-2.pdf,0,,0,,0,
"95th LIGHT TANK COMPANY, 1946-1948",2,https://www.eisenhowerlibrary.gov/sites/default/files/finding-aids/pdf/us-army-unit-records-2.pdf,0,,0,,0,
"2273rd ANTIAIRCRAFT ARTILLERY COMMAND, 1945",2,https://www.eisenhowerlibrary.gov/sites/default/files/finding-aids/pdf/us-army-unit-records-2.pdf,0,,0,,0,
"31st ANTIAIRCRAFT ARTILLERY BRIGADE, 1942-1948",2,https://www.eisenhowerlibrary.gov/sites/default/files/finding-aids/pdf/us-army-unit-records-2.pdf,0,,0,,0,
"33rd ANTIAIRCRAFT ARTILLERY BRIGADE, 1942-1944",2,https://www.eisenhowerlibrary.gov/sites/default/files/finding-aids/pdf/us-army-unit-records-2.pdf,0,,0,,0,
"34th ANTIAIRCRAFT ARTILLERY BRIGADE, 1945",2,https://www.eisenhowerlibrary.gov/sites/default/files/finding-aids/pdf/us-army-unit-records-2.pdf,0,,0,,0,
"34th ANTIAIRCRAFT ARTILLERY GROUP, 1945",2,https://www.eisenhowerlibrary.gov/sites/default/files/finding-aids/pdf/us-army-unit-records-2.pdf,0,,0,,0,
"35th ANTIAIRCRAFT ARTILLERY BRIGADE, 1943-1945",2,https://www.eisenhowerlibrary.gov/sites/default/files/finding-aids/pdf/us-army-unit-records-2.pdf,0,,0,,0,
"37th ANTIAIRCRAFT ARTILLERY BRIGADE, 1941-1945",2,https://www.eisenhowerlibrary.gov/sites/default/files/finding-aids/pdf/us-army-unit-records-2.pdf,0,,0,,0,
"38th ANTIAIRCRAFT ARTILLERY BRIGADE, 1944-1945",2,https://www.eisenhowerlibrary.gov/sites/default/files/finding-aids/pdf/us-army-unit-records-2.pdf,0,,0,,0,
"40th ANTIAIRCRAFT ARTILLERY BRIGADE, 1942-1946",2,https://www.eisenhowerlibrary.gov/sites/default/files/finding-aids/pdf/us-army-unit-records-2.pdf,0,,0,,0,
"41st ANTIAIRCRAFT ARTILLERY BRIGADE, 1943",2,https://www.eisenhowerlibrary.gov/sites/default/files/finding-aids/pdf/us-army-unit-records-2.pdf,0,,0,,0,
"45th ANTIAIRCRAFT ARTILLERY BRIGADE, 1943-1945",2,https://www.eisenhowerlibrary.gov/sites/default/files/finding-aids/pdf/us-army-unit-records-2.pdf,0,,0,,0,
"77th ANTI-AIRCRAFT ARTILLERY GUN BATTALION, 1944-1945",2,https://www.eisenhowerlibrary.gov/sites/default/files/finding-aids/pdf/us-army-unit-records-2.pdf,0,,0,,0,
"78th ANTI-AIRCRAFT ARTILLERY GUN BATTALION, 1944-1945",2,https://www.eisenhowerlibrary.gov/sites/default/files/finding-aids/pdf/us-army-unit-records-2.pdf,0,,0,,0,
"81st AIRBORNE ANTI-AIRCRAFT BATTALION, 1943-1945",2,https://www.eisenhowerlibrary.gov/sites/default/files/finding-aids/pdf/us-army-unit-records-2.pdf,0,,0,,0,
"573rd ANTI-AIRCRAFT ARTILLERY AUTO WEAPONS BATTALION, 1945",2,https://www.eisenhowerlibrary.gov/sites/default/files/finding-aids/pdf/us-army-unit-records-2.pdf,0,,0,,0,
"574th ANTI-AIRCRAFT ARTILLERY AUTO WEAPONS BATTALION, 1945",2,https://www.eisenhowerlibrary.gov/sites/default/files/finding-aids/pdf/us-army-unit-records-2.pdf,0,,0,,0,
"579th ANTI-AIRCRAFT ARTILLERY AUTO WEAPONS BATTALION, 1945",2,https://www.eisenhowerlibrary.gov/sites/default/files/finding-aids/pdf/us-army-unit-records-2.pdf,0,,0,,0,
"580th ANTI-AIRCRAFT ARTILLERY AUTO WEAPONS BATTALION, 1945",2,https://www.eisenhowerlibrary.gov/sites/default/files/finding-aids/pdf/us-army-unit-records-2.pdf,0,,0,,0,
"597th ANTI-AIRCRAFT ARTILLERY AUTO WEAPONS BATTALION, 1941-1943",2,https://www.eisenhowerlibrary.gov/sites/default/files/finding-aids/pdf/us-army-unit-records-2.pdf,0,,0,,0,
"599th ANTI-AIRCRAFT ARTILLERY AUTO WEAPONS BATTALION, 1945",2,https://www.eisenhowerlibrary.gov/sites/default/files/finding-aids/pdf/us-army-unit-records-2.pdf,0,,0,,0,
"604th ANTI-AIRCRAFT ARTILLERY AUTO WEAPONS BATTALION, 1944",2,https://www.eisenhowerlibrary.gov/sites/default/files/finding-aids/pdf/us-army-unit-records-2.pdf,0,,0,,0,
"605th ANTI-AIRCRAFT ARTILLERY AUTO WEAPONS BATTALION, 1945",2,https://www.eisenhowerlibrary.gov/sites/default/files/finding-aids/pdf/us-army-unit-records-2.pdf,0,,0,,0,
"839th ANTI-AIRCRAFT ARTILLERY AUTO WEAPONS BATTALION, 1944-1945",2,https://www.eisenhowerlibrary.gov/sites/default/files/finding-aids/pdf/us-army-unit-records-2.pdf,0,,0,,0,
"669th ANTI-AIRCRAFT ARTILLERY MACHINE GUN BATTERY, 1944",2,https://www.eisenhowerlibrary.gov/sites/default/files/finding-aids/pdf/us-army-unit-records-2.pdf,0,,0,,0,
"670th ANTI-AIRCRAFT ARTILLERY MACHINE GUN BATTERY, 1943-1945",2,https://www.eisenhowerlibrary.gov/sites/default/files/finding-aids/pdf/us-army-unit-records-2.pdf,0,,0,,0,
"672nd ANTI-AIRCRAFT ARTILLERY MACHINE GUN BATTERY, 1943-1945",2,https://www.eisenhowerlibrary.gov/sites/default/files/finding-aids/pdf/us-army-unit-records-2.pdf,0,,0,,0,
"673rd ANTI-AIRCRAFT ARTILLERY MACHINE GUN BATTERY, 1943-1945",2,https://www.eisenhowerlibrary.gov/sites/default/files/finding-aids/pdf/us-army-unit-records-2.pdf,0,,0,,0,
"674th ANTI-AIRCRAFT ARTILLERY MACHINE GUN BATTERY, 1943-1945",2,https://www.eisenhowerlibrary.gov/sites/default/files/finding-aids/pdf/us-army-unit-records-2.pdf,0,,0,,0,
"675th ANTI-AIRCRAFT ARTILLERY MACHINE GUN BATTERY, 1943-1945",2,https://www.eisenhowerlibrary.gov/sites/default/files/finding-aids/pdf/us-army-unit-records-2.pdf,0,,0,,0,
"683rd ANTI-AIRCRAFT ARTILLERY MACHINE GUN BATTERY, 1944-1945",2,https://www.eisenhowerlibrary.gov/sites/default/files/finding-aids/pdf/us-army-unit-records-2.pdf,0,,0,,0,
"684th ANTI-AIRCRAFT ARTILLERY MACHINE GUN BATTERY, 1942-1945",2,https://www.eisenhowerlibrary.gov/sites/default/files/finding-aids/pdf/us-army-unit-records-2.pdf,0,,0,,0,
"689th ANTI-AIRCRAFT ARTILLERY MACHINE GUN BATTERY, 1944",2,https://www.eisenhowerlibrary.gov/sites/default/files/finding-aids/pdf/us-army-unit-records-2.pdf,0,,0,,0,
"702nd ANTI-AIRCRAFT ARTILLERY MACHINE GUN BATTERY AIRBORNE, 1942-1944",2,https://www.eisenhowerlibrary.gov/sites/default/files/finding-aids/pdf/us-army-unit-records-2.pdf,0,,0,,0,
"703rd ANTI-AIRCRAFT ARTILLERY MACHINE GUN BATTERY, 1942-1944",2,https://www.eisenhowerlibrary.gov/sites/default/files/finding-aids/pdf/us-army-unit-records-2.pdf,0,,0,,0,
"705th ANTI-AIRCRAFT ARTILLERY MACHINE GUN BATTERY AIRBORNE, 1943-1944",2,https://www.eisenhowerlibrary.gov/sites/default/files/finding-aids/pdf/us-army-unit-records-2.pdf,0,,0,,0,
"706th ANTI-AIRCRAFT ARTILLERY MACHINE GUN BATTERY, 1942-1945",2,https://www.eisenhowerlibrary.gov/sites/default/files/finding-aids/pdf/us-army-unit-records-2.pdf,0,,0,,0,
"707th ANTI-AIRCRAFT ARTILLERY MACHINE GUN BATTERY, 1942-1945",2,https://www.eisenhowerlibrary.gov/sites/default/files/finding-aids/pdf/us-army-unit-records-2.pdf,0,,0,,0,
"708th ANTI-AIRCRAFT ARTILLERY MACHINE GUN BATTERY, 1943-1945",2,https://www.eisenhowerlibrary.gov/sites/default/files/finding-aids/pdf/us-army-unit-records-2.pdf,0,,0,,0,
"709th ANTI-AIRCRAFT ARTILLERY MACHINE GUN BATTERY AIRBORNE, 1942-1943",2,https://www.eisenhowerlibrary.gov/sites/default/files/finding-aids/pdf/us-army-unit-records-2.pdf,0,,0,,0,
"765th ANTI-AIRCRAFT ARTILLERY COMPOSITE BATTERY, 1944-1945",2,https://www.eisenhowerlibrary.gov/sites/default/files/finding-aids/pdf/us-army-unit-records-2.pdf,0,,0,,0,
"877th ANTI-AIRCRAFT ARTILLERY GUN BATTERY, 1945",2,https://www.eisenhowerlibrary.gov/sites/default/files/finding-aids/pdf/us-army-unit-records-2.pdf,0,,0,,0,
"878th ANTI-AIRCRAFT ARTILLERY GUN BATTERY, 1945",2,https://www.eisenhowerlibrary.gov/sites/default/files/finding-aids/pdf/us-army-unit-records-2.pdf,0,,0,,0,
"130th FIELD ARTILLERY BATTALION, 1943",2,https://www.eisenhowerlibrary.gov/sites/default/files/finding-aids/pdf/us-army-unit-records-2.pdf,0,,0,,0,
"131st FIELD ARTILLERY BATTALION, 1945",2,https://www.eisenhowerlibrary.gov/sites/default/files/finding-aids/pdf/us-army-unit-records-2.pdf,0,,0,,0,
"132nd FIELD ARTILLERY BATTALION, 1945",2,https://www.eisenhowerlibrary.gov/sites/default/files/finding-aids/pdf/us-army-unit-records-2.pdf,0,,0,,0,
"133rd FIELD ARTILLERY BATTALION, 1945",2,https://www.eisenhowerlibrary.gov/sites/default/files/finding-aids/pdf/us-army-unit-records-2.pdf,0,,0,,0,
153rd FIELD ARTILLERY BATTALION. 1944-1945,2,https://www.eisenhowerlibrary.gov/sites/default/files/finding-aids/pdf/us-army-unit-records-2.pdf,0,,0,,0,
"1st CAVALRY DIVISION, 1941 – 1949",3,https://www.eisenhowerlibrary.gov/sites/default/files/finding-aids/pdf/us-army-unit-records-3.pdf,0,,0,,0,
3rd CAVALRY REGIMENT. 1943-1950.,3,https://www.eisenhowerlibrary.gov/sites/default/files/finding-aids/pdf/us-army-unit-records-3.pdf,0,,0,,0,
"6th CAVALRY REGIMENT, 1941-1943",3,https://www.eisenhowerlibrary.gov/sites/default/files/finding-aids/pdf/us-army-unit-records-3.pdf,0,,0,,0,
"4th CAVALRY GROUP (Mecz.), 1944-1946",3,https://www.eisenhowerlibrary.gov/sites/default/files/finding-aids/pdf/us-army-unit-records-3.pdf,1,4th_cav_gp_aar_01KPTC9S2AGG35J6S7F7PW6RNR.json,1,4th cavalry group.json,0,
6th CAVALRY GROUP (Mecz.). 1944-1945,3,https://www.eisenhowerlibrary.gov/sites/default/files/finding-aids/pdf/us-army-unit-records-3.pdf,4,message_to_cavalry_detachment_with_6th_armored_division_01KQ5QBZZ9335VYRWM61A2R8KZ.json; msg_middleton_to_macon_1348_4_aug_01KPSSJ0C3SFECCX2CFZ66S60T.json; msg_6th_cav_gp_to_cav_detachment_with_6th_armd_div_1040_4_aug_01KPSSHYG54YXG13T5CNRG5H1C.json; message_to_cavalry_detachment_with_6th_armd_div_01KQ5QC8M1VR9Q8X2S2PRWS9PE.json,0,,0,
15th CAVALRY GROUP (Mecz.). 1944-1945,3,https://www.eisenhowerlibrary.gov/sites/default/files/finding-aids/pdf/us-army-unit-records-3.pdf,6,ltr_zwicker_to_ocmh_14_mar_56_01KQ5XYT4RJBQBKBYJ63J3HTBN.json; the_principal_components_of_task_force_a_were_the_15th_cavalry_group_and_the_6th_01KQ7Q29KTN8M1TA48MJBXSSG8.json; ltr_zwicker_to_ocmh_14_mar_56_01KQ5XYX9HBF7ERCWACBWQBT6J.json; viii_corps_g_3_msg_21_aug_01KQ5XYR7K384D0D0VDK0G482S.json; viii_corps_g_3_msg_21_aug_01KQ5XYWRTJGQ2X11PYV4ZZ0Y4.json,1,15th cavalry group.json,0,
"101st CAVALRY GROUP (Mecz.), 1943-1945",3,https://www.eisenhowerlibrary.gov/sites/default/files/finding-aids/pdf/us-army-unit-records-3.pdf,0,,0,,0,
"102nd CAVALRY GROUP (Mecz.), 1942-1944",3,https://www.eisenhowerlibrary.gov/sites/default/files/finding-aids/pdf/us-army-unit-records-3.pdf,0,,0,,0,
"106th CAVALRY GROUP (Mecz.), 1943-1945",3,https://www.eisenhowerlibrary.gov/sites/default/files/finding-aids/pdf/us-army-unit-records-3.pdf,3,operational_map_01KQ9C93FC1J65BFV855B23GRE.json; operational_map_01KQ5RM95H5R284H6EVJGNBBRP.json; 106th_cav_gp_operational_map_3_aug_viii_corps_g_3_jnl_and_file_01KPSTQPTXJFEN7TAWAQGMP6M5.json,1,106th cavalry group.json,0,
"107th CAVALRY GROUP (Mecz.), 1941-1945",3,https://www.eisenhowerlibrary.gov/sites/default/files/finding-aids/pdf/us-army-unit-records-3.pdf,0,,0,,0,
"113th CAVALRY GROUP (Mecz.), 1940-1945",3,https://www.eisenhowerlibrary.gov/sites/default/files/finding-aids/pdf/us-army-unit-records-3.pdf,19,official_records_of_the_group_division_and_attached_units_01KT824Q9ETTDSZ716EREVD0DT.json; official_records_of_the_group_division_and_attached_units_01KTACENEJY5ME1HANZ6JVVS59.json; official_records_of_the_group_division_and_attached_units_01KTC6TMM57GCSRB03DSQ17CSJ.json; 113th_cav_gp_and_2d_armd_div_aars_01KT826PW1Q04DRN2WQ2GZ4M3D.json; aars_sep_44_01KT9T98MGDR6N1XN8F05J3PES.json,0,,0,
"1st CAVALRY RECONNAISSANCE TROOP, 1940-1941",3,https://www.eisenhowerlibrary.gov/sites/default/files/finding-aids/pdf/us-army-unit-records-3.pdf,0,,0,,0,
"4th ARMORED CAVALRY BATTALION, 1948",3,https://www.eisenhowerlibrary.gov/sites/default/files/finding-aids/pdf/us-army-unit-records-3.pdf,0,,0,,0,
"36TH MECHANIZED CAVALRY RECONNAISSANCE TROOP, 1945",3,https://www.eisenhowerlibrary.gov/sites/default/files/finding-aids/pdf/us-army-unit-records-3.pdf,0,,0,,0,
"4th CAVALRY RECONNAISSANCE SQUADRON, 1944-1945",3,https://www.eisenhowerlibrary.gov/sites/default/files/finding-aids/pdf/us-army-unit-records-3.pdf,11,unit_rpt_1_01KQ5MJPFE2DNG90ZZZ66MQQJX.json; 4th_cav_recon_sq_s_3_rpt_1_2400_7_aug_01KPSVSXTNB07QCQD84HM6Q3SH.json; g_3_per_rpts_63_and_64_01KQ6TXBJAH87GFX7Q32BSBNCN.json; unit_rpt_1_27_jul_01KQ7NFBMEC535NZBTE0NPRR5R.json; s_3_rpt_1_01KQ5SSH0M0K6J2G4MYVGFATS4.json,3,4th cavalry squadron.json; 4th cavalry group.json; 4th cavalry reconnaissance squadron.json,0,
"89th CAVALRY RECONNAISSANCE SQUADRON (MECHANIZED), 1944-1945",3,https://www.eisenhowerlibrary.gov/sites/default/files/finding-aids/pdf/us-army-unit-records-3.pdf,0,,0,,0,
"117th CAVALRY RECONNAISSANCE SQUADRON, 1944-1945",3,https://www.eisenhowerlibrary.gov/sites/default/files/finding-aids/pdf/us-army-unit-records-3.pdf,0,,0,,0,
"43rd ENGINEER CONSTRUCTION BATTALION, 1944-1945",3,https://www.eisenhowerlibrary.gov/sites/default/files/finding-aids/pdf/us-army-unit-records-3.pdf,0,,0,,0,
"44th ENGINEER COMBAT BATTALION, 1942-1945",3,https://www.eisenhowerlibrary.gov/sites/default/files/finding-aids/pdf/us-army-unit-records-3.pdf,0,,0,,0,
"46th ENGINEER CONSTRUCTION BATTALION, 1942-1945",3,https://www.eisenhowerlibrary.gov/sites/default/files/finding-aids/pdf/us-army-unit-records-3.pdf,0,,0,,0,
"47th ENGINEER CONSTRUCTION BATTALION, 1944-1946",3,https://www.eisenhowerlibrary.gov/sites/default/files/finding-aids/pdf/us-army-unit-records-3.pdf,0,,0,,0,
"48th ENGINEER COMBAT BATTALION, 1944-1945",3,https://www.eisenhowerlibrary.gov/sites/default/files/finding-aids/pdf/us-army-unit-records-3.pdf,0,,0,,0,
"49th ENGINEER COMBAT BATTALION, 1943-1945",3,https://www.eisenhowerlibrary.gov/sites/default/files/finding-aids/pdf/us-army-unit-records-3.pdf,0,,0,,0,
"51st ENGINEER COMBAT BATTALION, 1944",3,https://www.eisenhowerlibrary.gov/sites/default/files/finding-aids/pdf/us-army-unit-records-3.pdf,0,,0,,0,
"53rd ARMORED ENGINEER BATTALION, 1942, 1945",3,https://www.eisenhowerlibrary.gov/sites/default/files/finding-aids/pdf/us-army-unit-records-3.pdf,0,,0,,0,
"55th ARMORED ENGINEER BATTALION, 1942-1945",3,https://www.eisenhowerlibrary.gov/sites/default/files/finding-aids/pdf/us-army-unit-records-3.pdf,0,,0,,0,
"111TH ENGINEER COMBAT BATTALION, 1940-1945",3,https://www.eisenhowerlibrary.gov/sites/default/files/finding-aids/pdf/us-army-unit-records-3.pdf,0,,0,,0,
"326th AIRBORNE ENGINEER BATTALION, 1942-1945",3,https://www.eisenhowerlibrary.gov/sites/default/files/finding-aids/pdf/us-army-unit-records-3.pdf,0,,0,,0,
"1st INFANTRY DIVISION, 1942-1945.",4,https://www.eisenhowerlibrary.gov/sites/default/files/finding-aids/pdf/us-army-unit-records-4.pdf,0,,0,,0,
"2nd INFANTRY DIVISION, 1944-1945",4,https://www.eisenhowerlibrary.gov/sites/default/files/finding-aids/pdf/us-army-unit-records-4.pdf,1,2d_div_g_3_jnl_01KPSQ4WFPGN5HQSVWF5GWXTEG.json,1,2nd infantry division.json,0,
"3rd INFANTRY DIVISION, 1928-1954 (bulk 1942-1946)",4,https://www.eisenhowerlibrary.gov/sites/default/files/finding-aids/pdf/us-army-unit-records-4.pdf,0,,0,,0,
"4th INFANTRY DIVISION, 1940-1945.",4,https://www.eisenhowerlibrary.gov/sites/default/files/finding-aids/pdf/us-army-unit-records-4.pdf,12,39th_infantry_9th_division_and_4th_division_aars_august_01KPSVVMM47F3AGF0MWDK6NSQA.json; combat_intervs_01KQ638WTAZN0NQR1HFM9PCCGA.json; combat_interviews_82d_abn_and_4th_inf_divs_01KQ6399W4K7QNM8G8S38S0G72.json; ms_b_081_01KSEP0M0HT01DMQK4PSF2E11B.json; telecon_collins_and_hobbs_1227_24_jul_ltr_collins_to_hechler_7_jul_45_fusa_msg_1_01KPSNZYV7V3ZAASM4T6T4SC9M.json,0,,0,
"5th INFANTRY DIVISION, 1943-1946",4,https://www.eisenhowerlibrary.gov/sites/default/files/finding-aids/pdf/us-army-unit-records-4.pdf,79,90th_division_after_action_report_for_november_01KRSXTF403ECJ9XDJM9P82NKM.json; after_action_reports_and_unit_journals_of_the_xx_corps_7th_armored_division_5th__01KRSK04YH0XEZNT5E6HNBXR56.json; 5th_inf_div_g_3_jnl_01KSAFVNVBTXHCX8K748XBBKSK.json; 5th_inf_div_g_3_jnl_01KS45H7VPJ58KT3EH7Y6W2GJ6.json; the_american_records_for_both_the_planning_and_the_operational_phases_of_the_bat_01KS85HESBAC3RAR288QPFR7DT.json,1,5th infantry division.json,0,
"6th INFANTRY DIVISION, 1939-1949.",4,https://www.eisenhowerlibrary.gov/sites/default/files/finding-aids/pdf/us-army-unit-records-4.pdf,0,,0,,0,
"7th INFANTRY DIVISION, 1944-1948",4,https://www.eisenhowerlibrary.gov/sites/default/files/finding-aids/pdf/us-army-unit-records-4.pdf,0,,0,,0,
"9th INFANTRY DIVISION, 1942-1947.",4,https://www.eisenhowerlibrary.gov/sites/default/files/finding-aids/pdf/us-army-unit-records-4.pdf,3,39th_infantry_9th_division_and_4th_division_aars_august_01KPSVVMM47F3AGF0MWDK6NSQA.json; 9th_infantry_division_g_3_journal_17_july_1944_01KPT48R5Q7BEB5JZ6B5TE33PT.json; 3d_armd_1st_and_9th_div_aars_01KPT0RQ9B3ZZ8CT0P53T3R4QX.json,0,,0,
10th MOUNTAIN DIVISION. 1942-1945.,4,https://www.eisenhowerlibrary.gov/sites/default/files/finding-aids/pdf/us-army-unit-records-4.pdf,0,,0,,0,
"24th INFANTRY DIVISION, 1921-1949",4,https://www.eisenhowerlibrary.gov/sites/default/files/finding-aids/pdf/us-army-unit-records-4.pdf,0,,0,,0,
"25th INFANTRY Division, 1941-1950",4,https://www.eisenhowerlibrary.gov/sites/default/files/finding-aids/pdf/us-army-unit-records-4.pdf,0,,0,,0,
"26th INFANTRY DIVISION,1941-1946",4,https://www.eisenhowerlibrary.gov/sites/default/files/finding-aids/pdf/us-army-unit-records-4.pdf,33,aar_nov_44_01KQMYE42KDBVCDD080QXTZYAZ.json; after_action_report_november_1944_01KRHH442ME5AGREKZ5J1PG6XK.json; aar_nov_44_01KRCG1VX0H0DSR24TYYRBQ6NN.json; aar_nov_44_01KQTH69GB6HQ8MK87A86HW1SY.json; 26th_div_aar_nov_44_01KS3XGDGNMA5EAD9ZMQ4J09E1.json,0,,0,
"27th INFANTRY DIVISION, 1942-1945",4,https://www.eisenhowerlibrary.gov/sites/default/files/finding-aids/pdf/us-army-unit-records-4.pdf,0,,0,,0,
"28th INFANTRY DIVISION, 1943-1945",4,https://www.eisenhowerlibrary.gov/sites/default/files/finding-aids/pdf/us-army-unit-records-4.pdf,12,28th_division_aar_august_1944_01KPSY8TMQHGMAXC28K89ZYAVA.json; 28th_infantry_division_g_2_and_g_3_journals_and_files_6_nov_44_01KTC22N9FWJKQXNKTTK35JJA3.json; les_armées_françaises_dans_la_grande_guerre_tome_vii_2ème_vol_01KRSKMP8Q3PCZDF13H33H5YAN.json; release_of_28th_inf_div_01KPVBEYYAX21GK6J509Y6CCE4.json; austausch_ost_west_01KPT9YH8BYTDBM1ETRHRNA3B8.json,0,,0,
"29th INFANTRY DIVISION, 1940-1945",4,https://www.eisenhowerlibrary.gov/sites/default/files/finding-aids/pdf/us-army-unit-records-4.pdf,7,29_lets_go_a_history_of_the_29th_infantry_division_in_world_war_ii_01KT7XRSNDFK9HE9Z2JZTNZNED.json; 19th_div_aar_oct_44_01KT9QWZ9H3NMGB6WZV2NAG7AG.json; 29_lets_go_a_history_of_the_29th_infantry_division_in_world_war_ii_01KTAAC8HS333D9W94AQGMXH3H.json; 29_lets_go_a_history_of_the_29th_infantry_division_in_world_war_ii_01KTC0Z91Y4YERZZSDTD5R0N6X.json; 28th_and_29th_div_aars_aug_01KPSVD9P0W7RC62VXREW2V2JG.json,1,29th infantry division.json,0,
"30TH INFANTRY DIVISION, 1940-1945",4,https://www.eisenhowerlibrary.gov/sites/default/files/finding-aids/pdf/us-army-unit-records-4.pdf,22,telecon_hobbs_2210_27_jul_30th_div_g_3_jnl_and_file_01KPSQB0CQT3STAWSG5W30WCD1.json; telecons_01KPVTGZRECKHCSR0AJ117RJCQ.json; 2d_armored_division_messages_1730_and_1830_26_july_01KPSPM8T28GRAP6J4XB2BNC7W.json; 30th_div_g_3_jnl_entries_1540_2100_2305_27_jul_01KPSQB65KQRS8757C5E9JRA3X.json; xix_corps_g_3_periodic_reports_54_and_55_01KPSQCF7WW6F7YMXAWAF34GNR.json,0,,0,
"31st INFANTRY DIVISION, 1942-1945",4,https://www.eisenhowerlibrary.gov/sites/default/files/finding-aids/pdf/us-army-unit-records-4.pdf,0,,0,,0,
"32nd INFANTRY DIVISION, 1940-1946",4,https://www.eisenhowerlibrary.gov/sites/default/files/finding-aids/pdf/us-army-unit-records-4.pdf,0,,0,,0,
"35th INFANTRY DIVISION, 1940-1945",4,https://www.eisenhowerlibrary.gov/sites/default/files/finding-aids/pdf/us-army-unit-records-4.pdf,2,telecon_12_jul_35th_div_g_3_jnl_file_01KPT3X0KRSZZWEG87G8XTDBEY.json; fo_13_2000_7_aug_01KPVK47SVZWFPS96Z4S4RJ2PE.json,1,35th infantry division.json,0,
"36th INFANTRY DIVISION, 1941-1945.",4,https://www.eisenhowerlibrary.gov/sites/default/files/finding-aids/pdf/us-army-unit-records-4.pdf,0,,1,36th infantry division.json,0,
"41st INFANTRY DIVISION, 1943-1945",5,https://www.eisenhowerlibrary.gov/sites/default/files/finding-aids/pdf/us-army-unit-records-5.pdf,0,,0,,0,
"42nd INFANTRY DIVISION, 1943-1946",5,https://www.eisenhowerlibrary.gov/sites/default/files/finding-aids/pdf/us-army-unit-records-5.pdf,0,,0,,0,
"44th INFANTRY DIVISION, 1942-1945",5,https://www.eisenhowerlibrary.gov/sites/default/files/finding-aids/pdf/us-army-unit-records-5.pdf,0,,1,44th infantry division.json,0,
"45th INFANTRY DIVISION, 1940-1945, 1951",5,https://www.eisenhowerlibrary.gov/sites/default/files/finding-aids/pdf/us-army-unit-records-5.pdf,0,,0,,0,
"69th INFANTRY DIVISION, 1943-1945",5,https://www.eisenhowerlibrary.gov/sites/default/files/finding-aids/pdf/us-army-unit-records-5.pdf,0,,0,,0,
"71ST INFANTRY DIVISON, 1944-1946",5,https://www.eisenhowerlibrary.gov/sites/default/files/finding-aids/pdf/us-army-unit-records-5.pdf,0,,1,71st infantry.json,0,
"77th INFANTRY DIVISION, 1942-1946",6,https://www.eisenhowerlibrary.gov/sites/default/files/finding-aids/pdf/us-army-unit-records-6.pdf,0,,1,77th infantry division.json,0,
"78th INFANTRY DIVISION, 1942-1946",6,https://www.eisenhowerlibrary.gov/sites/default/files/finding-aids/pdf/us-army-unit-records-6.pdf,0,,0,,0,
"79th INFANTRY DIVISION, 1942-1945",6,https://www.eisenhowerlibrary.gov/sites/default/files/finding-aids/pdf/us-army-unit-records-6.pdf,40,army_group_g_ktb_fifth_panzer_army_ktb_lviii_panzer_corps_ktb_nr_3_and_nr_4_xlvi_01KS8JV7Z7R06YNM318JMJF4FB.json; 2d_french_armored_division_after_action_report_01KRSK4084CQX32B3Y9ZYKGAB2.json; personal_reminiscences_prepared_for_the_historical_division_by_the_enemy_command_01KRSW6X5KQ9GKGZ73R27J79EB.json; ktb_kriegstagebuch_01KRSK43PRGK7PKRR01NB2BY8W.json; army_group_g_ktb_fifth_panzer_army_ktb_lviii_panzer_corps_ktb_nr_3_and_nr_4_and__01KS3JS2SXXH4AS2N356D10FGZ.json,0,,0,
"80th INFANTRY DIVISION, 1942-1945",6,https://www.eisenhowerlibrary.gov/sites/default/files/finding-aids/pdf/us-army-unit-records-6.pdf,27,xii_corps_spearhead_of_pattons_third_army_01KS45GYFK1SZHTS9E3EGA4AGJ.json; historical_division_combat_interviews_80th_infantry_division_01KQHSTME3WAS6ZF1DF5AQBRFJ.json; xii_corps_spearhead_of_pattons_third_army_01KSAFTTMV4W80TVPZDKSY65AP.json; xii_corps_spearhead_of_pattons_third_army_01KS12ASMADG3Z6EE913AMT2JV.json; xii_corps_spearhead_of_pattons_third_army_01KSDN26V7Q2DK7H51R29YFK8B.json,1,80th infantry division.json,0,
"83rd INFANTRY DIVISION, 1942-1946",6,https://www.eisenhowerlibrary.gov/sites/default/files/finding-aids/pdf/us-army-unit-records-6.pdf,0,,0,,0,
"85th INFANTRY DIVISION, 1942-1945",6,https://www.eisenhowerlibrary.gov/sites/default/files/finding-aids/pdf/us-army-unit-records-6.pdf,4,aufstellung_und_einsatz_der_85_infanterie_division_im_westen_feb_nov_44_01KTC7173JCPERQ8C3KACKMT6K.json; aufstellung_und_einsatz_der_85_infanterie_division_im_westen_feb_nov_44_01KT828SCW11XAV1CK337A5FRX.json; aufstellung_und_einsatz_der_85_infanterie_division_im_westen_feb_nov_44_01KT9TA3HSA5407W8HHWYZHSTV.json; aufstellung_und_einsatz_der_85_infanterie_division_im_westen_feb_nov_44_01KTA82AWF7Z9G6KBPJKYMQ6EQ.json,0,,0,
86th INFANTRY DIVISION. 1942-1945.,6,https://www.eisenhowerlibrary.gov/sites/default/files/finding-aids/pdf/us-army-unit-records-6.pdf,0,,0,,0,
"88th INFANTRY DIVISION, 1942-1947",6,https://www.eisenhowerlibrary.gov/sites/default/files/finding-aids/pdf/us-army-unit-records-6.pdf,0,,0,,0,
"89th INFANTRY DIVISION, 1942-1945",6,https://www.eisenhowerlibrary.gov/sites/default/files/finding-aids/pdf/us-army-unit-records-6.pdf,0,,0,,0,
"90th INFANTRY DIVISION, 1942-1945",6,https://www.eisenhowerlibrary.gov/sites/default/files/finding-aids/pdf/us-army-unit-records-6.pdf,29,after_action_reports_and_unit_journals_of_the_xx_corps_7th_armored_division_5th__01KRSK04YH0XEZNT5E6HNBXR56.json; fusa_ig_ltr_failure_of_elements_of_the_358th_inf_90th_div_to_resist_a_german_cou_01KPSMXZTQN8WG740AMRENZVQE.json; pass_in_review_the_fifth_infantry_division_in_eto_01KRSVAJ9QN6QEBP7R9TDQJBRG.json; anlagen_to_the_ktbs_of_army_group_g_ob_west_and_okw_01KRSVAT9RBR0A3KYEBV2BP4SM.json; telephone_journals_attached_to_the_daily_g_3_journals_of_the_7th_armored_divisio_01KRSVSAVXTC06CJ61X5QQK3AV.json,1,90th infantry division.json,0,
"91st INFANTRY DIVISION, 1942-1945",6,https://www.eisenhowerlibrary.gov/sites/default/files/finding-aids/pdf/us-army-unit-records-6.pdf,0,,1,91st infantry division.json,0,
"92nd INFANTRY DIVISION, 1942-1945",6,https://www.eisenhowerlibrary.gov/sites/default/files/finding-aids/pdf/us-army-unit-records-6.pdf,0,,0,,0,
"93rd INFANTRY DIVISION, 1942-1946",6,https://www.eisenhowerlibrary.gov/sites/default/files/finding-aids/pdf/us-army-unit-records-6.pdf,0,,0,,0,
"98th INFANTRY DIVISION, 1942-1946.",6,https://www.eisenhowerlibrary.gov/sites/default/files/finding-aids/pdf/us-army-unit-records-6.pdf,0,,0,,0,
"99th INFANTRY DIVISION, 1942-1945",6,https://www.eisenhowerlibrary.gov/sites/default/files/finding-aids/pdf/us-army-unit-records-6.pdf,1,99th_infantry_division_official_records_01KTABRX2RS6CS41SSP8VXSTWQ.json,0,,0,
"100th INFANTRY DIVISION, 1942-1945",6,https://www.eisenhowerlibrary.gov/sites/default/files/finding-aids/pdf/us-army-unit-records-6.pdf,0,,0,,0,
"103rd INFANTRY DIVISION, 1943-1945",6,https://www.eisenhowerlibrary.gov/sites/default/files/finding-aids/pdf/us-army-unit-records-6.pdf,0,,0,,0,
"104th INFANTRY DIVISION,1942-1945",6,https://www.eisenhowerlibrary.gov/sites/default/files/finding-aids/pdf/us-army-unit-records-6.pdf,0,,1,104th infantry division.json,0,
"106th INFANTRY DIVISION, 1943-1945",6,https://www.eisenhowerlibrary.gov/sites/default/files/finding-aids/pdf/us-army-unit-records-6.pdf,0,,0,,0,
"16th INFANTRY REGIMENT, 1936-1946",7,https://www.eisenhowerlibrary.gov/sites/default/files/finding-aids/pdf/us-army-unit-records-7.pdf,0,,1,16th infantry regiment.json,1,https://www.eisenhowerlibrary.gov/sites/default/files/research/online-documents/d-day/journal-entries.pdf
"Subseries I: REGIMENTAL REPORTS, 1936-1946",7,https://www.eisenhowerlibrary.gov/sites/default/files/finding-aids/pdf/us-army-unit-records-7.pdf,0,,0,,0,
"Subseries I: BATTALION, COMPANY & MISCELLANEOUS REPORTS, 1942-1945",7,https://www.eisenhowerlibrary.gov/sites/default/files/finding-aids/pdf/us-army-unit-records-7.pdf,0,,0,,0,
"26th INFANTRY REGIMENT, 1901-1952",7,https://www.eisenhowerlibrary.gov/sites/default/files/finding-aids/pdf/us-army-unit-records-7.pdf,0,,1,26th infantry regiment.json,0,
"36th ARMORED INFANTRY REGIMENT, 1941-1945",7,https://www.eisenhowerlibrary.gov/sites/default/files/finding-aids/pdf/us-army-unit-records-7.pdf,0,,0,,0,
"38th INFANTRY REGIMENT, 1942-1949",7,https://www.eisenhowerlibrary.gov/sites/default/files/finding-aids/pdf/us-army-unit-records-7.pdf,0,,0,,0,
"47th INFANTRY REGIMENT, 1940-1946",7,https://www.eisenhowerlibrary.gov/sites/default/files/finding-aids/pdf/us-army-unit-records-7.pdf,3,penetration_of_the_siegfried_line_by_the_47th_infantry_regiment_01KTACD2595JNAHQZ0VKPC810N.json; combat_interview_file_september_1944_penetration_of_the_siegfried_line_by_the_47_01KT81YQ5JXTNPHKS972QFS84C.json; penetration_of_the_siegfried_line_by_the_47th_infantry_regiment_01KTC6HFWG10BTQ29H806BEX0T.json,0,,0,
"SUBSERIES I: REGIMENTAL REPORTS, 1940-1946",7,https://www.eisenhowerlibrary.gov/sites/default/files/finding-aids/pdf/us-army-unit-records-7.pdf,0,,0,,0,
"SUBSERIES II: BATTALION AND COMPANY REPORTS, 1940-1945",7,https://www.eisenhowerlibrary.gov/sites/default/files/finding-aids/pdf/us-army-unit-records-7.pdf,0,,0,,0,
"65th INFANTRY REGIMENT, 1941-1945",7,https://www.eisenhowerlibrary.gov/sites/default/files/finding-aids/pdf/us-army-unit-records-7.pdf,0,,0,,0,
"112th INFANTRY REGIMENT, 1943-1945",7,https://www.eisenhowerlibrary.gov/sites/default/files/finding-aids/pdf/us-army-unit-records-7.pdf,0,,0,,0,
"115th INFANTRY REGIMENT, 1944-1945",7,https://www.eisenhowerlibrary.gov/sites/default/files/finding-aids/pdf/us-army-unit-records-7.pdf,1,115th_infantry_regiment_s_3_journal_01KPT4QPN7TFHTM5538XPR0B1E.json,1,115th infantry regiment.json,1,https://www.eisenhowerlibrary.gov/sites/default/files/research/online-documents/d-day/1944-06-after-action-report.pdf
"116th INFANTRY REGIMENT, 1941-1945",7,https://www.eisenhowerlibrary.gov/sites/default/files/finding-aids/pdf/us-army-unit-records-7.pdf,8,115th_and_116th_inf_regts_s_3_jnls_01KPT4TDGQQMHP12F0GS4BH0VX.json; 116th_infantry_regiment_journal_18_june_1944_01KPT4TQAKM70A3BTVGWBEMFQ8.json; 116th_infantry_regimental_journals_and_after_action_reports_01KTAAKWJ383MBHMKDZXKT6GXD.json; 29th_division_g_3_journal_01KPVWXMGJ2YPFYD50V76HR250.json; 116th_infantry_regiment_3rd_battalion_journal_01KPVWY2B9YAW1KRFJTMJ3D6VW.json,1,116th infantry regiment.json,0,
"141st INFANTRY REGIMENT, 1940-1945",7,https://www.eisenhowerlibrary.gov/sites/default/files/finding-aids/pdf/us-army-unit-records-7.pdf,0,,0,,0,
"142nd INFANTRY REGIMENT, 1944-1945",7,https://www.eisenhowerlibrary.gov/sites/default/files/finding-aids/pdf/us-army-unit-records-7.pdf,0,,0,,0,
"143rd INFANTRY REGIMEMT, 1940-1944",7,https://www.eisenhowerlibrary.gov/sites/default/files/finding-aids/pdf/us-army-unit-records-7.pdf,0,,0,,0,
"162nd INFANTRY REGIMENT, 1940-1945",7,https://www.eisenhowerlibrary.gov/sites/default/files/finding-aids/pdf/us-army-unit-records-7.pdf,0,,0,,0,
"SUBSERIES I: REGIMENTAL RECORDS, 1940-1045.",7,https://www.eisenhowerlibrary.gov/sites/default/files/finding-aids/pdf/us-army-unit-records-7.pdf,0,,0,,0,
"SUBSERIES II: BATTALION AND COMPANY REPORTS, 1944-1945",7,https://www.eisenhowerlibrary.gov/sites/default/files/finding-aids/pdf/us-army-unit-records-7.pdf,0,,0,,0,
"163rd INFANTRY REGIMENT, 1940-1945",8,https://www.eisenhowerlibrary.gov/sites/default/files/finding-aids/pdf/us-army-unit-records-8.pdf,0,,0,,0,
"I. REGIMENT REPORTS, 1940-1945. 2 containers",8,https://www.eisenhowerlibrary.gov/sites/default/files/finding-aids/pdf/us-army-unit-records-8.pdf,0,,0,,0,
"II. BATTALION AND COMPANY REPORTS, 1940-1945. 5 folders",8,https://www.eisenhowerlibrary.gov/sites/default/files/finding-aids/pdf/us-army-unit-records-8.pdf,0,,0,,0,
"168th INFANTRY REGIMENT, 1937-1941",8,https://www.eisenhowerlibrary.gov/sites/default/files/finding-aids/pdf/us-army-unit-records-8.pdf,0,,0,,0,
"179th INFANTRY REGIMENT, 1943-1945",8,https://www.eisenhowerlibrary.gov/sites/default/files/finding-aids/pdf/us-army-unit-records-8.pdf,0,,0,,0,
"180th INFANTRY REGIMENT, 1943-1945",8,https://www.eisenhowerlibrary.gov/sites/default/files/finding-aids/pdf/us-army-unit-records-8.pdf,0,,0,,0,
"186th INFANTRY REGIMENT, 1942-1945",8,https://www.eisenhowerlibrary.gov/sites/default/files/finding-aids/pdf/us-army-unit-records-8.pdf,0,,0,,0,
"188th PARACHUTE INFANTRY REGIMENT, 1944-1948.",8,https://www.eisenhowerlibrary.gov/sites/default/files/finding-aids/pdf/us-army-unit-records-8.pdf,0,,0,,0,
"194th GLIDER INFANTRY REGIMENT, 1945",8,https://www.eisenhowerlibrary.gov/sites/default/files/finding-aids/pdf/us-army-unit-records-8.pdf,0,,0,,0,
"201st INFANTRY REGIMENT, 1941-1945",8,https://www.eisenhowerlibrary.gov/sites/default/files/finding-aids/pdf/us-army-unit-records-8.pdf,0,,0,,0,
"188th PARACHUTE INFANTRY REGIMENT, 1944-1948.",8,https://www.eisenhowerlibrary.gov/sites/default/files/finding-aids/pdf/us-army-unit-records-8.pdf,0,,0,,0,
"194th GLIDER INFANTRY REGIMENT, 1945",8,https://www.eisenhowerlibrary.gov/sites/default/files/finding-aids/pdf/us-army-unit-records-8.pdf,0,,0,,0,
"201st INFANTRY REGIMENT,1941-1945",8,https://www.eisenhowerlibrary.gov/sites/default/files/finding-aids/pdf/us-army-unit-records-8.pdf,0,,0,,0,
"222nd INFANTRY REGIMENT, 1944-1946.",8,https://www.eisenhowerlibrary.gov/sites/default/files/finding-aids/pdf/us-army-unit-records-8.pdf,0,,0,,0,
"232nd INFANTRY REGIMENT, 1945",8,https://www.eisenhowerlibrary.gov/sites/default/files/finding-aids/pdf/us-army-unit-records-8.pdf,0,,0,,0,
"242nd INFANTRY REGIMENT, 1945",8,https://www.eisenhowerlibrary.gov/sites/default/files/finding-aids/pdf/us-army-unit-records-8.pdf,0,,0,,0,
"232nd INFANTRY REGIMENT, 1945",8,https://www.eisenhowerlibrary.gov/sites/default/files/finding-aids/pdf/us-army-unit-records-8.pdf,0,,0,,0,
"242nd INFANTRY REGIMENT, 1945",8,https://www.eisenhowerlibrary.gov/sites/default/files/finding-aids/pdf/us-army-unit-records-8.pdf,0,,0,,0,
"253rd INFANTRY REGIMENT, 1945",8,https://www.eisenhowerlibrary.gov/sites/default/files/finding-aids/pdf/us-army-unit-records-8.pdf,0,,0,,0,
"254th INFANTRY REGIMENT, 1945",8,https://www.eisenhowerlibrary.gov/sites/default/files/finding-aids/pdf/us-army-unit-records-8.pdf,0,,0,,0,
"255th INFANTRY REGIMENT, 1944-1945",8,https://www.eisenhowerlibrary.gov/sites/default/files/finding-aids/pdf/us-army-unit-records-8.pdf,0,,0,,0,
"253rd INFANTRY REGIMENT, 1945",8,https://www.eisenhowerlibrary.gov/sites/default/files/finding-aids/pdf/us-army-unit-records-8.pdf,0,,0,,0,
"254th INFANTRY REGIMENT, 1945",8,https://www.eisenhowerlibrary.gov/sites/default/files/finding-aids/pdf/us-army-unit-records-8.pdf,0,,0,,0,
255th INFANTRY REGIMENT. 1944-1945,8,https://www.eisenhowerlibrary.gov/sites/default/files/finding-aids/pdf/us-army-unit-records-8.pdf,0,,0,,0,
"259th INFANTRY REGIMENT, 1945",8,https://www.eisenhowerlibrary.gov/sites/default/files/finding-aids/pdf/us-army-unit-records-8.pdf,0,,0,,0,
"260th INFANTRY REGIMENT, 1943-1945",8,https://www.eisenhowerlibrary.gov/sites/default/files/finding-aids/pdf/us-army-unit-records-8.pdf,0,,0,,0,
"259th INFANTRY REGIMENT, 1945",8,https://www.eisenhowerlibrary.gov/sites/default/files/finding-aids/pdf/us-army-unit-records-8.pdf,0,,0,,0,
"260th INFANTRY REGIMENT, 1943-1945",8,https://www.eisenhowerlibrary.gov/sites/default/files/finding-aids/pdf/us-army-unit-records-8.pdf,0,,0,,0,
"263rd INFANTRY REGIMENT, 1943-1945",8,https://www.eisenhowerlibrary.gov/sites/default/files/finding-aids/pdf/us-army-unit-records-8.pdf,0,,0,,0,
"263rd INFANTRY REGIMENT, 1943-1945",8,https://www.eisenhowerlibrary.gov/sites/default/files/finding-aids/pdf/us-army-unit-records-8.pdf,0,,0,,0,
"264th INFANTRY REGIMENT, 1945",8,https://www.eisenhowerlibrary.gov/sites/default/files/finding-aids/pdf/us-army-unit-records-8.pdf,0,,0,,0,
"271st INFANTRY REGIMENT, 1943-1945.",8,https://www.eisenhowerlibrary.gov/sites/default/files/finding-aids/pdf/us-army-unit-records-8.pdf,0,,0,,0,
"272nd INFANTRY REGIMENT, 1944-1945",8,https://www.eisenhowerlibrary.gov/sites/default/files/finding-aids/pdf/us-army-unit-records-8.pdf,0,,0,,0,
"271st INFANTRY REGIMENT, 1943-1945",8,https://www.eisenhowerlibrary.gov/sites/default/files/finding-aids/pdf/us-army-unit-records-8.pdf,0,,0,,0,
"272nd INFANTRY REGIMENT, 1944-1945",8,https://www.eisenhowerlibrary.gov/sites/default/files/finding-aids/pdf/us-army-unit-records-8.pdf,0,,0,,0,
"310th INFANTRY REGIMENT, 1942-1946",8,https://www.eisenhowerlibrary.gov/sites/default/files/finding-aids/pdf/us-army-unit-records-8.pdf,0,,0,,0,
"311th INFANTRY REGIMENT, 1942-1946",8,https://www.eisenhowerlibrary.gov/sites/default/files/finding-aids/pdf/us-army-unit-records-8.pdf,0,,0,,0,
"327th INFANTRY REGIMENT, 1944-1945",8,https://www.eisenhowerlibrary.gov/sites/default/files/finding-aids/pdf/us-army-unit-records-8.pdf,0,,0,,0,
"361st INFANTRY REGIMENT, 1942-1945",8,https://www.eisenhowerlibrary.gov/sites/default/files/finding-aids/pdf/us-army-unit-records-8.pdf,0,,0,,0,
"362nd INFANTRY REGIMENT, 1944-1945.",8,https://www.eisenhowerlibrary.gov/sites/default/files/finding-aids/pdf/us-army-unit-records-8.pdf,0,,0,,0,
"363rd INFANTRY REGIMENT, 1942-1945.",8,https://www.eisenhowerlibrary.gov/sites/default/files/finding-aids/pdf/us-army-unit-records-8.pdf,0,,0,,0,
"364th INFANTRY REGIMENT, 1945",8,https://www.eisenhowerlibrary.gov/sites/default/files/finding-aids/pdf/us-army-unit-records-8.pdf,0,,0,,0,
"365th INFANTRY REGIMENT, 1944-1945.",8,https://www.eisenhowerlibrary.gov/sites/default/files/finding-aids/pdf/us-army-unit-records-8.pdf,0,,0,,0,
"394th INFANTRY REGIMENT, 1944-1945",8,https://www.eisenhowerlibrary.gov/sites/default/files/finding-aids/pdf/us-army-unit-records-8.pdf,0,,0,,0,
"407th INFANTRY REGIMENT, 1944-1945",8,https://www.eisenhowerlibrary.gov/sites/default/files/finding-aids/pdf/us-army-unit-records-8.pdf,0,,0,,0,
"442nd INFANTRY REGIMENT, 1943-1945",8,https://www.eisenhowerlibrary.gov/sites/default/files/finding-aids/pdf/us-army-unit-records-8.pdf,0,,0,,0,
"501st PARACHUTE INFANTRY REGIMENT, 1944-1945",8,https://www.eisenhowerlibrary.gov/sites/default/files/finding-aids/pdf/us-army-unit-records-8.pdf,0,,0,,0,
"502nd PARACHUTE INFANTRY REGIMENT, 1941-1945",8,https://www.eisenhowerlibrary.gov/sites/default/files/finding-aids/pdf/us-army-unit-records-8.pdf,0,,0,,0,
"503rd PARACHUTE REGIMENTAL COMBAT TEAM, 1941 – 1945",8,https://www.eisenhowerlibrary.gov/sites/default/files/finding-aids/pdf/us-army-unit-records-8.pdf,0,,0,,0,
"504th PARACHUTE INFANTRY REGIMENT, 1942 – 1948",8,https://www.eisenhowerlibrary.gov/sites/default/files/finding-aids/pdf/us-army-unit-records-8.pdf,0,,0,,0,
"505th PARACHUTE INFANTRY REGIMENT, 1945",8,https://www.eisenhowerlibrary.gov/sites/default/files/finding-aids/pdf/us-army-unit-records-8.pdf,0,,0,,0,
"506th PARACHUTE INFANTRY REGIMENT, 1942-1945",8,https://www.eisenhowerlibrary.gov/sites/default/files/finding-aids/pdf/us-army-unit-records-8.pdf,0,,0,,0,
"507th PARACHUTE INFANTRY REGIMENT, 1944-1945",8,https://www.eisenhowerlibrary.gov/sites/default/files/finding-aids/pdf/us-army-unit-records-8.pdf,0,,0,,0,
"2nd RANGER INFANTRY Battalion, 1943, 1945",8,https://www.eisenhowerlibrary.gov/sites/default/files/finding-aids/pdf/us-army-unit-records-8.pdf,0,,0,,0,
"3rd RANGER INFANTRY BATTALION, 1943",8,https://www.eisenhowerlibrary.gov/sites/default/files/finding-aids/pdf/us-army-unit-records-8.pdf,0,,0,,0,
"5th RANGER INFANTRY BATTALION, 1943, 1945",8,https://www.eisenhowerlibrary.gov/sites/default/files/finding-aids/pdf/us-army-unit-records-8.pdf,0,,0,,0,
"60th ARMORED INFANTRY BATTALION, 1943-1945",8,https://www.eisenhowerlibrary.gov/sites/default/files/finding-aids/pdf/us-army-unit-records-8.pdf,0,,0,,0,
"1st TANK DESTROYER GROUP, 1942-1945",8,https://www.eisenhowerlibrary.gov/sites/default/files/finding-aids/pdf/us-army-unit-records-8.pdf,0,,0,,0,
"2nd TANK DESTROYER GROUP, 1942-1945",8,https://www.eisenhowerlibrary.gov/sites/default/files/finding-aids/pdf/us-army-unit-records-8.pdf,0,,0,,0,
"3rd TANK DESTROYER GROUP, 1942-1945",8,https://www.eisenhowerlibrary.gov/sites/default/files/finding-aids/pdf/us-army-unit-records-8.pdf,0,,0,,0,
"5th TANK DESTROYER GROUP, 1942-1945",8,https://www.eisenhowerlibrary.gov/sites/default/files/finding-aids/pdf/us-army-unit-records-8.pdf,0,,0,,0,
"13th TANK DESTROYER GROUP, 1945",8,https://www.eisenhowerlibrary.gov/sites/default/files/finding-aids/pdf/us-army-unit-records-8.pdf,0,,0,,0,
"15th TANK DESTROYER GROUP, 1943-1944",8,https://www.eisenhowerlibrary.gov/sites/default/files/finding-aids/pdf/us-army-unit-records-8.pdf,0,,0,,0,
"17th TANK DESTROYER GROUP, 1943-1944",8,https://www.eisenhowerlibrary.gov/sites/default/files/finding-aids/pdf/us-army-unit-records-8.pdf,0,,0,,0,
"18th TANK DESTROYER GROUP, 1943",8,https://www.eisenhowerlibrary.gov/sites/default/files/finding-aids/pdf/us-army-unit-records-8.pdf,0,,0,,0,
"601st TANK DESTOYER BATTALION, 1945",8,https://www.eisenhowerlibrary.gov/sites/default/files/finding-aids/pdf/us-army-unit-records-8.pdf,0,,0,,0,
"605th TANK DESTROYER BATTALION, 1941-1945",8,https://www.eisenhowerlibrary.gov/sites/default/files/finding-aids/pdf/us-army-unit-records-8.pdf,0,,0,,0,
"607th TANK DESTROYER BATTALION, 1941-1945",8,https://www.eisenhowerlibrary.gov/sites/default/files/finding-aids/pdf/us-army-unit-records-8.pdf,0,,0,,0,
"609th TANK DESTROYER BATTALION, 1941-1945",8,https://www.eisenhowerlibrary.gov/sites/default/files/finding-aids/pdf/us-army-unit-records-8.pdf,0,,0,,0,
"611th TANK DESTOYER BATTALION, 1943",8,https://www.eisenhowerlibrary.gov/sites/default/files/finding-aids/pdf/us-army-unit-records-8.pdf,0,,0,,0,
"612th TANK DESTROYER BATTALION, 1942-1945",8,https://www.eisenhowerlibrary.gov/sites/default/files/finding-aids/pdf/us-army-unit-records-8.pdf,0,,0,,0,
"614th TANK DESTROYER BATTALION, 1944-1945",8,https://www.eisenhowerlibrary.gov/sites/default/files/finding-aids/pdf/us-army-unit-records-8.pdf,0,,0,,0,
"628th TANK DESTROYER BATTALION, 1941, 1944-1945",8,https://www.eisenhowerlibrary.gov/sites/default/files/finding-aids/pdf/us-army-unit-records-8.pdf,0,,0,,0,
"629th TANK DESTROYER BATTALION, 1944-1945",8,https://www.eisenhowerlibrary.gov/sites/default/files/finding-aids/pdf/us-army-unit-records-8.pdf,0,,0,,0,
"630th TANK DESTROYER BATTALION, 1944-1945",8,https://www.eisenhowerlibrary.gov/sites/default/files/finding-aids/pdf/us-army-unit-records-8.pdf,0,,0,,0,
"632nd TANK DESTROYER BATTALION, 1943-1945",8,https://www.eisenhowerlibrary.gov/sites/default/files/finding-aids/pdf/us-army-unit-records-8.pdf,0,,0,,0,
"33rd TANK DESTROYER BATTALION, 1941-1943",8,https://www.eisenhowerlibrary.gov/sites/default/files/finding-aids/pdf/us-army-unit-records-8.pdf,0,,0,,0,
"635th TANK DESTROYER BATTALION, 1944",8,https://www.eisenhowerlibrary.gov/sites/default/files/finding-aids/pdf/us-army-unit-records-8.pdf,0,,0,,0,
"636th TANK DESTROYER BATTALION, 1945",8,https://www.eisenhowerlibrary.gov/sites/default/files/finding-aids/pdf/us-army-unit-records-8.pdf,0,,0,,0,
"638th TANK DESTROYER BATTALION, 1945",8,https://www.eisenhowerlibrary.gov/sites/default/files/finding-aids/pdf/us-army-unit-records-8.pdf,0,,0,,0,
"640th TANK DESTROYER BATTALION, 1942",8,https://www.eisenhowerlibrary.gov/sites/default/files/finding-aids/pdf/us-army-unit-records-8.pdf,0,,0,,0,
"643rd TANK DESTROYER BATTALION, 1941-1945",8,https://www.eisenhowerlibrary.gov/sites/default/files/finding-aids/pdf/us-army-unit-records-8.pdf,0,,0,,0,
"644th TANK DESTROYER BATTALION, 1944-1945",8,https://www.eisenhowerlibrary.gov/sites/default/files/finding-aids/pdf/us-army-unit-records-8.pdf,0,,0,,0,
"645th TANK DESTROYER BATTALION, 1945",8,https://www.eisenhowerlibrary.gov/sites/default/files/finding-aids/pdf/us-army-unit-records-8.pdf,0,,0,,0,
"648th TANK DESTROYER BATTALION, 1945",8,https://www.eisenhowerlibrary.gov/sites/default/files/finding-aids/pdf/us-army-unit-records-8.pdf,0,,0,,0,
"652nd TANK DESTROYER BATTALION, 1943",8,https://www.eisenhowerlibrary.gov/sites/default/files/finding-aids/pdf/us-army-unit-records-8.pdf,0,,0,,0,
"654th TANK DESTROYER BATTALION, 1944-1945",8,https://www.eisenhowerlibrary.gov/sites/default/files/finding-aids/pdf/us-army-unit-records-8.pdf,0,,0,,0,
"656th TANK DESTROYER BATTAION, 1945",8,https://www.eisenhowerlibrary.gov/sites/default/files/finding-aids/pdf/us-army-unit-records-8.pdf,0,,0,,0,
"661st TANK DESTROYER Battalion, 1943 – 1949",8,https://www.eisenhowerlibrary.gov/sites/default/files/finding-aids/pdf/us-army-unit-records-8.pdf,0,,0,,0,
"679th TANK DESTROYER BATTALION, 1945",8,https://www.eisenhowerlibrary.gov/sites/default/files/finding-aids/pdf/us-army-unit-records-8.pdf,0,,0,,0,
"692nd TANK DESTROYER BATTALION, 1944-1945",8,https://www.eisenhowerlibrary.gov/sites/default/files/finding-aids/pdf/us-army-unit-records-8.pdf,0,,0,,0,
"701st TANK DESTROYER BATTALION, 1945",8,https://www.eisenhowerlibrary.gov/sites/default/files/finding-aids/pdf/us-army-unit-records-8.pdf,0,,0,,0,
"702nd TANK DESTROYER BATTALION, 1943 – 1945",8,https://www.eisenhowerlibrary.gov/sites/default/files/finding-aids/pdf/us-army-unit-records-8.pdf,0,,0,,0,
"703rd TANK DESTROYER BATTALION, 1941 – 1945",8,https://www.eisenhowerlibrary.gov/sites/default/files/finding-aids/pdf/us-army-unit-records-8.pdf,0,,0,,0,
"771st TANK DESTROYER BATTALION, 1944-1945",8,https://www.eisenhowerlibrary.gov/sites/default/files/finding-aids/pdf/us-army-unit-records-8.pdf,0,,0,,0,
"772nd TANK DESTROYER BATTALION, 1945",8,https://www.eisenhowerlibrary.gov/sites/default/files/finding-aids/pdf/us-army-unit-records-8.pdf,0,,0,,0,
"773rd TANK DESTOYER BATTALION, 1944-1945",8,https://www.eisenhowerlibrary.gov/sites/default/files/finding-aids/pdf/us-army-unit-records-8.pdf,0,,0,,0,
"774th TANK DESTROYER BATTALION, 1941-1945",8,https://www.eisenhowerlibrary.gov/sites/default/files/finding-aids/pdf/us-army-unit-records-8.pdf,0,,0,,0,
"776th TANK DESTROYER BATTALION, 1945",8,https://www.eisenhowerlibrary.gov/sites/default/files/finding-aids/pdf/us-army-unit-records-8.pdf,0,,0,,0,
"801st TANK DESTROYER BATTALION, 1944",8,https://www.eisenhowerlibrary.gov/sites/default/files/finding-aids/pdf/us-army-unit-records-8.pdf,0,,0,,0,
"802nd TANK DESTROYER BATTALION, 1940-1944.",8,https://www.eisenhowerlibrary.gov/sites/default/files/finding-aids/pdf/us-army-unit-records-8.pdf,0,,0,,0,
"803rd TANK DESTROYER BATTALION, 1944-1945",8,https://www.eisenhowerlibrary.gov/sites/default/files/finding-aids/pdf/us-army-unit-records-8.pdf,0,,0,,0,
"814th TANK DESTROYER BATTALION, 1942-1945.",8,https://www.eisenhowerlibrary.gov/sites/default/files/finding-aids/pdf/us-army-unit-records-8.pdf,0,,0,,0,
"817th TANK DESTROYER BATTALION, 1944-1945",8,https://www.eisenhowerlibrary.gov/sites/default/files/finding-aids/pdf/us-army-unit-records-8.pdf,0,,0,,0,
"820th TANK DESTORYER BATTALION, 1944-1945",8,https://www.eisenhowerlibrary.gov/sites/default/files/finding-aids/pdf/us-army-unit-records-8.pdf,0,,0,,0,
"821st TANK DESTROYER BATTALION, 1944-1945",8,https://www.eisenhowerlibrary.gov/sites/default/files/finding-aids/pdf/us-army-unit-records-8.pdf,0,,0,,0,
"822nd TANK DESTROYER BATTALION, 1942-1945",8,https://www.eisenhowerlibrary.gov/sites/default/files/finding-aids/pdf/us-army-unit-records-8.pdf,0,,0,,0,
"823rd TANK DESTROYER BATTALION, 1944-1945",8,https://www.eisenhowerlibrary.gov/sites/default/files/finding-aids/pdf/us-army-unit-records-8.pdf,0,,0,,0,
"824th TANK DESTROYER BATTALION, 1945",8,https://www.eisenhowerlibrary.gov/sites/default/files/finding-aids/pdf/us-army-unit-records-8.pdf,0,,0,,0,
"825th TANK DESTROYER BATTALION, 1942-1945",8,https://www.eisenhowerlibrary.gov/sites/default/files/finding-aids/pdf/us-army-unit-records-8.pdf,0,,0,,0,
"893rd TANK DESTROYER BATTALION, 1944-1945",8,https://www.eisenhowerlibrary.gov/sites/default/files/finding-aids/pdf/us-army-unit-records-8.pdf,0,,0,,0,
"899th TANK DESTROYER BATTALION, 1941-1945",8,https://www.eisenhowerlibrary.gov/sites/default/files/finding-aids/pdf/us-army-unit-records-8.pdf,0,,0,,0,
